{"global_mean":0.17230507420387375,"airline_delay_rate":{"9E":0.11655020720287579,"AA":0.21683238936769847,"AS":0.1807268279877609,"B6":0.22823380524734205,"DL":0.14306929483931677,"F9":0.25254304844681386,"G4":0.19112509754024107,"HA":0.10051826278725365,"MQ":0.13750403008624426,"NK":0.22080710848144963,"OH":0.1834096989811397,"OO":0.15247309426437408,"UA":0.15053941468795656,"WN":0.18588574690841744,"YX":0.09975337542863624},"origin_delay_rate":{"ABE":0.15576045104034433,"ABI":0.11133180669202843,"ABQ":0.14419421349238756,"ABR":0.15574122331122317,"ABY":0.17103016815740205,"ACK":0.15926988130818892,"ACT":0.20973326386162833,"ACV":0.17898304896497744,"ACY":0.1637000096998528,"ADK":0.193844059363099,"ADQ":0.1260612161802608,"AEX":0.1689093217020664,"AGS":0.18887693603806807,"AKN":0.17503297856519387,"ALB":0.16582127821135148,"ALW":0.15036428697007861,"AMA":0.13727874475096077,"ANC":0.1510764653061185,"APN":0.159191148341264,"ASE":0.2259912520724943,"ATL":0.15918925115540777,"ATW":0.1501082827956733,"AUS":0.15618305429968482,"AVL":0.2209652289890893,"AVP":0.17177391916411827,"AZA":0.13351412346697047,"AZO":0.16111893243664005,"BDL":0.16385405851607443,"BET":0.15926235007178655,"BFF":0.14992355851132308,"BFL":0.10665544612338933,"BGM":0.1022899330871669,"BGR":0.15300301776459582,"BHM":0.14133123784114512,"BIH":0.1344790728698418,"BIL":0.1089844059363099,"BIS":0.12881644584360083,"BJI":0.15222009655065974,"BLI":0.17443433073955233,"BLV":0.19185443358937462,"BMI":0.09739640193989996,"BNA":0.16102193724521327,"BOI":0.13081502776942944,"BOS":0.18727247742855158,"BPT":0.12405108246615273,"BQK":0.1563924086767794,"BQN":0.23632131588096367,"BRD":0.11981601271519471,"BRO":0.10700232986149516,"BRW":0.2211021330910334,"BTM":0.07303432281728295,"BTR":0.14851694835872542,"BTV":0.13242769792579456,"BUF":0.15821054056084238,"BUR":0.17298699597511535,"BWI":0.251443115131943,"BZN":0.15545601540276247,"CAE":0.1398490653912343,"CAK":0.17571935245284076,"CDC":0.10127609042620608,"CDV":0.20010856733233942,"CHA":0.14568750401536112,"CHO":0.13560389026273598,"CHS":0.15525282596199633,"CID":0.14186354304770263,"CIU":0.1486989697900964,"CKB":0.24255844832399545,"CLE":0.1303127841478068,"CLL":0.15977738164275465,"CLT":0.241547239689036,"CMH":0.13114763134566712,"CMI":0.14366704429585112,"CMX":0.2332060120436175,"COD":0.23754960721869797,"COS":0.1599507289012754,"COU":0.15956835193838645,"CPR":0.14561493714714316,"CRP":0.09199857305964376,"CRW":0.1998325172138215,"CSG":0.1326407842240099,"CVG":0.14563735543371312,"CWA":0.12802299441832996,"CYS":0.13048336081624953,"DAB":0.1265857054386435,"DAL":0.18381282326277956,"DAY":0.12063432111344984,"DCA":0.16806419763745412,"DDC":0.2040254196108882,"DEC":0.16432104054625438,"DEN":0.19072498289991105,"DFW":0.2161944878546654,"DHN":0.14419536709816264,"DIK":0.0971500274829162,"DLG":0.14610382025400864,"DLH":0.12387201440149731,"DRO":0.1478373454252252,"DSM":0.1326623841741887,"DTW":0.15813327461802654,"DVL":0.12772577395666931,"ECP":0.1569202899306635,"EGE":0.1555000113984445,"EKO":0.10015889281451758,"ELM":0.16829626422077276,"ELP":0.12643450667930267,"ESC":0.13952739934447947,"EUG":0.14430939782653598,"EVV":0.12608063227867955,"EWN":0.19711333922177637,"EWR":0.18352503254895766,"EYW":0.15489629871286564,"FAI":0.17234108143933277,"FAR":0.1403038120421564,"FAT":0.14163453356887107,"FAY":0.15079422714113613,"FCA":0.14920039797677442,"FLG":0.13838246579282346,"FLL":0.23538483980722655,"FNT":0.19366471835359222,"FOD":0.2352754196108882,"FSD":0.15076737488626313,"FSM":0.12408043687735985,"FWA":0.19624582964443527,"GCC":0.1315565633229236,"GCK":0.1527579767504854,"GEG":0.11929355133044503,"GFK":0.13648181412715382,"GGG":0.17686798387460342,"GJT":0.12968296359263773,"GNV":0.12349244045447283,"GPT":0.13329632284584172,"GRB":0.14475280145398353,"GRI":0.21074114621416382,"GRK":0.1641646470738456,"GRR":0.1421050219316496,"GSO":0.13512306750239375,"GSP":0.13902523793970673,"GST":0.16984405936309901,"GTF":0.08743319432490597,"GTR":0.08208659865861263,"GUC":0.11722776513831293,"GUM":0.11868038364424063,"HDN":0.13967988740982307,"HGR":0.18312788307038283,"HHH":0.17071186284501833,"HIB":0.13216412131423697,"HLN":0.10314272570921433,"HNL":0.10679272474554069,"HOB":0.17334685711404005,"HOU":0.16470385659038397,"HPN":0.16085267663545783,"HRL":0.11803914766025873,"HSV":0.1827483350376928,"HTS":0.27724222614785093,"HYA":0.18898734731161104,"HYS":0.11717250938134642,"IAD":0.14234340449055277,"IAG":0.2326906713774211,"IAH":0.18628224910758756,"ICT":0.13258391881501191,"IDA":0.13565309854797586,"ILM":0.153941998927396,"IMT":0.13296609792995492,"IND":0.13099416017068904,"INL":0.16442567814270403,"ISP":0.2114812511553676,"ITH":0.11822317926304489,"ITO":0.0853862369933107,"JAC":0.16538445574413865,"JAN":0.12548525661961848,"JAX":0.1547867537255961,"JFK":0.17254710749040197,"JLN":0.1727754196108882,"JMS":0.12772577395666931,"JNU":0.13230750530027668,"JST":0.15574122331122317,"KOA":0.09627345797520043,"KTN":0.16257322878679073,"LAN":0.1906819423013788,"LAR":0.1830639822495635,"LAS":0.20655396031451861,"LAW":0.12361098240745287,"LAX":0.14415022211237546,"LBB":0.11277145853419986,"LBE":0.11439746307834203,"LBF":0.1404283233348348,"LBL":0.2079316696108882,"LCH":0.18243451181921758,"LCK":0.2262434883019195,"LEX":0.1574107753741412,"LFT":0.15451915472690086,"LGA":0.1494601243176372,"LGB":0.1312412747936088,"LIH":0.08231374438876425,"LIT":0.14709174662205,"LNK":0.15264388987029606,"LRD":0.1231597606866198,"LSE":0.13563472416484643,"LWS":0.12029390271379621,"MAF":0.12440035809802186,"MBS":0.15716619772717608,"MCI":0.12573480913194754,"MCO":0.20738645904378208,"MCW":0.18377629346454236,"MDT":0.1783143395361006,"MDW":0.1935127942558001,"MEI":0.13319263587699368,"MEM":0.1303418362660585,"MFE":0.13902689409148222,"MFR":0.13530484355328387,"MGM":0.13769784659082362,"MHK":0.12061468645436633,"MHT":0.14835758153782488,"MIA":0.23317941812090046,"MKE":0.13536183092426554,"MLB":0.12580842112201251,"MLI":0.1324104664605752,"MLU":0.12800988969663735,"MOB":0.09449097731662887,"MOT":0.14726177948700053,"MQT":0.16158191787467638,"MRY":0.14343449058343222,"MSN":0.13334281063075096,"MSO":0.16516693061222879,"MSP":0.1423674979001105,"MSY":0.1727655111147424,"MTJ":0.11772735129329476,"MVY":0.22074809850648922,"MYR":0.16016574810520923,"OAJ":0.14875911932575894,"OAK":0.17408201614468538,"OGG":0.09603034353720383,"OKC":0.13912539542247093,"OMA":0.12800506347226348,"OME":0.1844529184313475,"ONT":0.13382899964122216,"ORD":0.1967007723254873,"ORF":0.16313954218508586,"ORH":0.16146165203066182,"OTH":0.28410616707729897,"OTZ":0.11700267063361777,"PAE":0.1324929089693501,"PBG":0.20335376287440093,"PBI":0.19875895922111603,"PDX":0.13200165186143126,"PGD":0.2137608939869241,"PHL":0.20439481124894393,"PHX":0.1706189838314242,"PIA":0.16946857584176728,"PIB":0.16432104054625438,"PIE":0.19061005076677548,"PIH":0.07834135579478736,"PIT":0.13930190778567375,"PLN":0.15201930985278153,"PNS":0.13878563284178735,"PPG":0.16841293500293467,"PQI":0.1617340219255601,"PRC":0.1951608036056091,"PSC":0.1157304549622058,"PSE":0.18521767615838186,"PSG":0.14672778441418996,"PSM":0.17782651423757279,"PSP":0.1307929263033207,"PVD":0.14504758125780431,"PVU":0.1543551447357407,"PWM":0.16704025499770364,"RAP":0.13486092184691484,"RDD":0.15656228145053414,"RDM":0.14316737224782894,"RDU":0.17666036288540754,"RFD":0.21166839258635162,"RHI":0.1617043573386606,"RIC":0.1475517888502126,"RIW":0.1486989697900964,"RKS":0.13813558950840626,"RNO":0.15806308865652408,"ROA":0.15292128295719637,"ROC":0.16679090003765637,"ROW":0.19032657837503353,"RST":0.13339572069608868,"RSW":0.15525621165331294,"SAF":0.17246788400408508,"SAN":0.19864277947038037,"SAT":0.14279923365866254,"SAV":0.1576035143255846,"SBA":0.13592581315630128,"SBN":0.18427757356551785,"SBP":0.14309540996833908,"SCC":0.12852060666826082,"SCE":0.15549574000166255,"SCK":0.28227905098387224,"SDF":0.13176656696724873,"SEA":0.19303118250226423,"SFB":0.21349183635548105,